{ "compressionlevel":-1,
 "editorsettings":
    {
     "export":
        {
         "target":"."
        }
    },
 "height":20,
 "infinite":false,
 "layers":[
        {
         "data":[9, 9, 9, 9, 9, 9, 9, 9, 9, 9, 9, 9, 9, 9, 9, 9, 9, 9, 9, 9, 9, 9, 9, 9, 9, 9, 9, 9, 9, 9, 9, 9, 9, 9, 9, 9, 9, 9, 9, 9, 9, 9, 9, 9, 9, 9, 9, 9, 9, 9, 9, 9, 9, 9, 9, 9, 9, 9, 9, 9, 9, 9, 9, 9, 9, 9, 9, 9, 9, 9, 9, 9, 9, 9, 9, 9, 9, 9, 9, 9, 9, 9, 9, 9, 9, 9, 9, 9, 9, 9, 9, 9, 9, 9, 9, 9, 9, 9, 9, 9, 9, 9, 9, 9, 9, 22, 23, 23, 23, 23, 23, 23, 23, 23, 24, 9, 9, 9, 9, 9, 9, 9, 9, 9, 9, 35, 36, 36, 36, 36, 36, 36, 36, 36, 37, 9, 9, 9, 9, 9, 9, 9, 9, 9, 9, 35, 36, 36, 36, 36, 36, 36, 36, 36, 37, 9, 9, 9, 9, 9, 9, 9, 9, 9, 9, 35, 36, 36, 36, 36, 36, 36, 36, 36, 37, 9, 9, 9, 9, 9, 9, 9, 9, 9, 9, 35, 36, 36, 36, 36, 36, 36, 36, 36, 37, 9, 9, 9, 9, 9, 9, 9, 9, 9, 9, 35, 36, 36, 36, 36, 36, 36, 36, 36, 37, 9, 9, 9, 9, 9, 9, 9, 9, 9, 9, 35, 36, 36, 36, 36, 36, 36, 36, 36, 37, 9, 9, 9, 9, 9, 9, 9, 9, 9, 9, 35, 36, 36, 36, 36, 36, 36, 36, 36, 37, 9, 9, 9, 9, 9, 9, 9, 9, 9, 9, 35, 36, 36, 36, 36, 36, 36, 36, 36, 37, 9, 9, 9, 9, 9, 9, 9, 9, 9, 9, 48, 49, 49, 49, 49, 49, 49, 49, 49, 50, 9, 9, 9, 9, 9, 9, 9, 9, 9, 9, 9, 9, 9, 9, 9, 9, 9, 9, 9, 9, 9, 9, 9, 9, 9, 9, 9, 9, 9, 9, 9, 9, 9, 9, 9, 9, 9, 9, 9, 9, 9, 9, 9, 9, 9, 9, 9, 9, 9, 9, 9, 9, 9, 9, 9, 9, 9, 9, 9, 9, 9, 9, 9, 9, 9, 9, 9, 9, 9, 9, 9, 9, 9, 9, 9, 9, 9, 9, 9, 9, 9, 9, 9, 9, 9, 9, 9, 9, 9, 9, 9, 9, 9, 9, 9, 9, 9, 9, 9, 9, 9, 9, 9, 9, 9],
         "height":20,
         "id":1,
         "name":"Tile Layer 1",
         "opacity":1,
         "type":"tilelayer",
         "visible":true,
         "width":20,
         "x":0,
         "y":0
        }, 
        {
         "data":[0, 0, 0, 0, 0, 0, 0, 0, 0, 0, 0, 0, 0, 0, 0, 0, 0, 0, 0, 0, 0, 0, 0, 0, 0, 0, 0, 0, 0, 0, 0, 0, 0, 0, 0, 0, 0, 0, 0, 0, 0, 0, 0, 0, 0, 45, 46, 47, 45, 46, 47, 45, 46, 47, 0, 0, 0, 0, 0, 0, 0, 0, 0, 0, 0, 58, 59, 60, 58, 59, 60, 58, 59, 60, 0, 0, 0, 0, 0, 0, 0, 0, 0, 0, 0, 71, 72, 73, 71, 72, 73, 71, 72, 73, 0, 0, 0, 0, 0, 0, 0, 0, 0, 0, 0, 0, 0, 0, 0, 0, 0, 0, 0, 0, 0, 45, 46, 47, 0, 0, 0, 0, 45, 46, 47, 0, 0, 0, 0, 0, 0, 0, 0, 0, 0, 58, 59, 60, 0, 0, 0, 0, 58, 59, 60, 0, 0, 0, 0, 0, 0, 0, 0, 0, 0, 71, 72, 73, 0, 0, 0, 0, 71, 72, 73, 0, 0, 0, 0, 0, 0, 0, 0, 0, 0, 45, 46, 47, 0, 0, 0, 0, 45, 46, 47, 0, 0, 0, 0, 0, 0, 0, 0, 0, 0, 58, 59, 60, 0, 0, 0, 0, 58, 59, 60, 0, 0, 0, 0, 0, 0, 0, 0, 0, 0, 71, 72, 73, 0, 0, 0, 0, 71, 72, 73, 0, 0, 0, 0, 0, 0, 0, 0, 0, 0, 45, 46, 47, 0, 0, 0, 0, 45, 46, 47, 0, 0, 0, 0, 0, 0, 0, 0, 0, 0, 58, 59, 60, 0, 0, 0, 0, 58, 59, 60, 0, 0, 0, 0, 0, 0, 0, 0, 0, 0, 71, 72, 73, 0, 0, 0, 0, 71, 72, 73, 0, 0, 0, 0, 0, 0, 0, 0, 0, 0, 0, 0, 0, 0, 0, 0, 0, 0, 0, 0, 0, 45, 46, 47, 45, 46, 47, 45, 46, 47, 0, 0, 0, 0, 0, 0, 0, 0, 0, 0, 0, 58, 59, 60, 58, 59, 60, 58, 59, 60, 0, 0, 0, 0, 0, 0, 0, 0, 0, 0, 0, 71, 72, 73, 71, 72, 73, 71, 72, 73, 0, 0, 0, 0, 0, 0, 0, 0, 0, 0, 0, 0, 0, 0, 0, 0, 0, 0, 0, 0, 0, 0, 0, 0, 0, 0, 0, 0, 0, 0, 0, 0, 0, 0, 0, 0, 0, 0, 0, 0, 0, 0, 0, 0, 0],
         "height":20,
         "id":8,
         "name":"Tile Layer 2",
         "opacity":1,
         "type":"tilelayer",
         "visible":true,
         "width":20,
         "x":0,
         "y":0
        }, 
        {
         "draworder":"topdown",
         "id":2,
         "name":"col",
         "objects":[
                {
                 "height":159.493470518401,
                 "id":1,
                 "name":"",
                 "rotation":0,
                 "type":"",
                 "visible":true,
                 "width":15.3225168183617,
                 "x":80,
                 "y":80
                }, 
                {
                 "height":14.9742777997626,
                 "id":2,
                 "name":"",
                 "rotation":0,
                 "type":"",
                 "visible":true,
                 "width":145.215670755837,
                 "x":94.9742777997626,
                 "y":224.17095370004
                }, 
                {
                 "height":143.126236644242,
                 "id":3,
                 "name":"",
                 "rotation":0,
                 "type":"",
                 "visible":true,
                 "width":15.6707558369608,
                 "x":223.82271468144,
                 "y":80
                }, 
                {
                 "height":14.2777997625643,
                 "id":4,
                 "name":"",
                 "rotation":0,
                 "type":"",
                 "visible":true,
                 "width":128.848436881678,
                 "x":94.9742777997626,
                 "y":80
                }],
         "opacity":1,
         "type":"objectgroup",
         "visible":true,
         "x":0,
         "y":0
        }, 
        {
         "draworder":"topdown",
         "id":3,
         "name":"int",
         "objects":[],
         "opacity":1,
         "type":"objectgroup",
         "visible":true,
         "x":0,
         "y":0
        }, 
        {
         "draworder":"topdown",
         "id":4,
         "name":"tp",
         "objects":[],
         "opacity":1,
         "type":"objectgroup",
         "visible":true,
         "x":0,
         "y":0
        }, 
        {
         "draworder":"topdown",
         "id":5,
         "name":"npc",
         "objects":[],
         "opacity":1,
         "type":"objectgroup",
         "visible":true,
         "x":0,
         "y":0
        }, 
        {
         "draworder":"topdown",
         "id":6,
         "name":"npce",
         "objects":[
                {
                 "height":30.9932726553225,
                 "id":6,
                 "name":"type_3",
                 "rotation":0,
                 "type":"",
                 "visible":true,
                 "width":31.3415116739217,
                 "x":143.727740403641,
                 "y":96.01899485556
                }],
         "opacity":1,
         "type":"objectgroup",
         "visible":true,
         "x":0,
         "y":0
        }, 
        {
         "draworder":"topdown",
         "id":7,
         "name":"player",
         "objects":[
                {
                 "height":35.1721408785121,
                 "id":5,
                 "name":"",
                 "rotation":0,
                 "type":"",
                 "visible":true,
                 "width":32.0379897111199,
                 "x":143.379501385042,
                 "y":187.605856747131
                }],
         "opacity":1,
         "type":"objectgroup",
         "visible":true,
         "x":0,
         "y":0
        }],
 "nextlayerid":9,
 "nextobjectid":8,
 "orientation":"orthogonal",
 "renderorder":"right-down",
 "tiledversion":"2020.05.07",
 "tileheight":16,
 "tilesets":[
        {
         "firstgid":1,
         "source":"tilemap.json"
        }],
 "tilewidth":16,
 "type":"map",
 "version":1.2,
 "width":20
}