{ "compressionlevel":-1,
 "height":70,
 "infinite":false,
 "layers":[
        {
         "data":[9, 9, 9, 9, 9, 9, 9, 9, 9, 9, 9, 9, 9, 9, 9, 9, 9, 9, 9, 9, 9, 9, 9, 9, 9, 9, 9, 9, 9, 9, 9, 9, 9, 9, 9, 9, 9, 9, 9, 9, 9, 9, 9, 9, 9, 9, 9, 9, 9, 9, 9, 9, 9, 9, 9, 9, 9, 9, 9, 9, 9, 9, 9, 9, 9, 9, 9, 9, 9, 9, 9, 9, 9, 9, 9, 9, 9, 9, 9, 9, 9, 9, 9, 9, 9, 9, 9, 9, 9, 9, 9, 9, 9, 9, 9, 9, 9, 9, 9, 9, 9, 9, 9, 9, 9, 9, 9, 9, 9, 9, 9, 9, 9, 9, 9, 9, 9, 9, 9, 9, 9, 9, 9, 9, 9, 9, 9, 9, 9, 9, 9, 9, 9, 9, 9, 9, 9, 9, 9, 9, 9, 9, 9, 9, 9, 9, 9, 9, 9, 9, 9, 9, 9, 9, 9, 9, 9, 9, 9, 9, 9, 9, 9, 9, 9, 9, 9, 9, 9, 9, 9, 9, 9, 9, 9, 9, 9, 9, 9, 9, 9, 9, 9, 9, 9, 9, 9, 9, 9, 9, 9, 9, 9, 9, 9, 9, 9, 9, 9, 9, 9, 9, 9, 9, 9, 9, 9, 9, 9, 9, 9, 9, 9, 9, 9, 9, 9, 9, 9, 9, 9, 9, 9, 9, 9, 9, 9, 9, 9, 9, 9, 9, 9, 9, 9, 9, 9, 9, 9, 9, 9, 9, 9, 9, 9, 9, 9, 9, 9, 9, 9, 9, 9, 9, 9, 9, 9, 9, 9, 9, 9, 9, 9, 9, 9, 9, 9, 9, 9, 9, 9, 9, 9, 9, 9, 9, 9, 9, 9, 9, 9, 9, 9, 9, 9, 9, 9, 9, 9, 9, 9, 9, 9, 9, 9, 9, 9, 9, 9, 9, 9, 9, 9, 9, 9, 9, 9, 9, 9, 9, 9, 9, 9, 9, 9, 9, 9, 9, 9, 9, 9, 9, 9, 9, 9, 9, 9, 9, 9, 9, 9, 9, 9, 9, 9, 9, 9, 9, 9, 9, 9, 9, 9, 9, 9, 9, 9, 9, 9, 9, 9, 9, 9, 9, 9, 9, 9, 9, 9, 9, 9, 9, 9, 9, 9, 9, 9, 9, 9, 9, 9, 9, 9, 9, 9, 9, 9, 9, 9, 9, 9, 9, 9, 9, 9, 9, 9, 9, 9, 9, 9, 9, 9, 9, 9, 9, 9, 9, 9, 9, 9, 9, 9, 9, 9, 9, 9, 9, 9, 9, 9, 9, 9, 9, 9, 9, 9, 9, 9, 9, 9, 9, 9, 9, 9, 9, 9, 9, 9, 9, 9, 9, 9, 9, 9, 9, 9, 9, 9, 9, 9, 9, 9, 9, 9, 9, 9, 9, 9, 9, 9, 9, 9, 9, 9, 9, 9, 9, 9, 9, 9, 9, 9, 9, 9, 9, 9, 9, 9, 9, 9, 9, 9, 9, 9, 9, 9, 9, 9, 9, 9, 9, 9, 9, 9, 9, 9, 9, 9, 9, 9, 9, 9, 9, 9, 9, 9, 9, 9, 9, 9, 9, 9, 9, 9, 9, 9, 9, 9, 9, 9, 9, 9, 9, 9, 9, 9, 9, 9, 9, 9, 9, 9, 9, 9, 9, 9, 9, 9, 9, 9, 9, 9, 9, 9, 9, 9, 9, 9, 9, 9, 9, 9, 9, 9, 9, 9, 9, 9, 9, 9, 9, 9, 9, 9, 9, 9, 9, 9, 9, 9, 9, 9, 9, 9, 9, 9, 9, 9, 9, 9, 9, 9, 9, 9, 9, 9, 9, 9, 9, 9, 9, 9, 9, 9, 9, 9, 9, 9, 9, 9, 9, 9, 9, 9, 9, 9, 9, 9, 9, 9, 9, 9, 9, 9, 9, 9, 9, 9, 9, 9, 9, 9, 9, 9, 9, 9, 9, 9, 9, 9, 9, 9, 9, 9, 9, 9, 9, 9, 9, 9, 9, 9, 9, 9, 9, 9, 9, 9, 9, 9, 9, 9, 9, 9, 9, 9, 9, 9, 9, 9, 9, 9, 9, 9, 9, 9, 9, 9, 9, 9, 9, 9, 9, 9, 9, 9, 9, 9, 9, 9, 9, 9, 9, 9, 9, 9, 9, 9, 9, 9, 9, 9, 9, 9, 9, 9, 9, 9, 9, 9, 9, 9, 9, 9, 9, 9, 9, 9, 9, 9, 9, 9, 9, 9, 9, 9, 9, 9, 9, 9, 9, 9, 9, 9, 9, 9, 9, 9, 9, 9, 9, 9, 9, 9, 9, 9, 9, 9, 9, 9, 9, 9, 9, 9, 9, 9, 9, 9, 9, 9, 9, 9, 9, 9, 9, 9, 9, 9, 9, 9, 9, 9, 9, 9, 9, 9, 9, 9, 9, 9, 9, 9, 9, 9, 9, 9, 9, 9, 9, 9, 9, 9, 9, 9, 9, 9, 9, 9, 9, 9, 9, 9, 9, 9, 9, 9, 9, 9, 9, 9, 9, 9, 9, 9, 9, 9, 9, 9, 9, 9, 9, 9, 9, 9, 9, 9, 9, 9, 9, 9, 9, 9, 9, 9, 9, 9, 9, 9, 9, 9, 9, 9, 9, 9, 9, 9, 9, 9, 9, 9, 9, 9, 9, 9, 9, 9, 9, 9, 9, 9, 9, 9, 9, 9, 9, 9, 9, 9, 9, 9, 9, 9, 9, 9, 9, 9, 9, 9, 9, 9, 9, 9, 9, 9, 9, 9, 9, 9, 9, 9, 9, 9, 9, 9, 9, 9, 9, 9, 9, 9, 9, 9, 9, 9, 9, 9, 9, 9, 9, 9, 9, 9, 9, 9, 9, 9, 9, 9, 9, 9, 9, 9, 9, 9, 9, 9, 9, 9, 9, 9, 9, 9, 9, 9, 9, 9, 9, 9, 9, 9, 9, 9, 9, 9, 9, 9, 9, 9, 9, 9, 9, 9, 9, 9, 9, 9, 9, 9, 9, 9, 9, 9, 9, 9, 9, 9, 9, 9, 9, 9, 9, 9, 9, 9, 9, 9, 9, 9, 9, 9, 9, 9, 9, 9, 9, 9, 9, 9, 9, 9, 9, 9, 9, 9, 9, 9, 9, 9, 9, 9, 9, 9, 9, 9, 9, 9, 9, 9, 9, 9, 9, 9, 9, 9, 9, 9, 9, 9, 9, 9, 9, 9, 9, 9, 9, 9, 9, 9, 9, 9, 9, 9, 9, 9, 9, 9, 9, 9, 9, 9, 9, 9, 9, 9, 9, 9, 9, 9, 9, 9, 9, 9, 9, 9, 9, 9, 9, 9, 9, 9, 9, 9, 9, 9, 9, 9, 9, 9, 9, 9, 9, 9, 9, 9, 9, 9, 9, 9, 9, 9, 9, 9, 9, 9, 9, 9, 9, 9, 9, 9, 9, 9, 9, 9, 9, 9, 9, 9, 9, 9, 9, 9, 9, 9, 9, 9, 9, 9, 9, 9, 9, 9, 9, 9, 9, 9, 9, 9, 9, 9, 9, 9, 9, 9, 9, 9, 9, 9, 9, 9, 9, 9, 9, 9, 9, 9, 9, 9, 9, 9, 9, 9, 9, 9, 9, 9, 9, 9, 9, 9, 9, 9, 9, 9, 9, 9, 9, 9, 9, 9, 9, 9, 9, 9, 9, 9, 9, 9, 9, 9, 9, 9, 9, 9, 9, 9, 9, 9, 9, 9, 9, 9, 9, 9, 9, 9, 9, 9, 9, 9, 9, 9, 9, 9, 9, 9, 9, 9, 9, 9, 9, 9, 9, 9, 9, 9, 9, 9, 9, 9, 9, 9, 9, 9, 9, 9, 9, 9, 9, 9, 9, 9, 9, 9, 9, 9, 9, 9, 9, 9, 9, 9, 9, 9, 9, 9, 9, 9, 9, 9, 9, 9, 9, 9, 9, 9, 9, 9, 9, 9, 9, 9, 9, 9, 9, 9, 9, 9, 9, 9, 9, 9, 9, 9, 9, 9, 9, 9, 9, 9, 9, 9, 9, 9, 9, 9, 9, 9, 9, 9, 9, 9, 9, 9, 9, 9, 9, 9, 9, 9, 9, 9, 9, 9, 9, 9, 9, 9, 9, 9, 9, 9, 9, 9, 9, 9, 9, 9, 9, 9, 9, 9, 9, 9, 9, 9, 9, 9, 9, 9, 9, 9, 9, 9, 9, 9, 9, 9, 9, 9, 9, 9, 9, 9, 9, 9, 9, 9, 9, 9, 9, 9, 9, 9, 9, 9, 9, 9, 9, 9, 9, 9, 9, 9, 9, 9, 9, 9, 9, 9, 9, 9, 9, 9, 9, 9, 9, 9, 9, 9, 9, 9, 9, 9, 9, 9, 9, 9, 9, 9, 9, 9, 9, 9, 9, 9, 9, 9, 9, 9, 9, 9, 9, 9, 9, 9, 9, 9, 9, 9, 9, 9, 9, 9, 9, 9, 9, 9, 9, 9, 9, 9, 9, 9, 9, 9, 9, 9, 9, 9, 9, 9, 9, 9, 9, 9, 9, 9, 9, 9, 9, 9, 9, 9, 9, 9, 9, 9, 9, 9, 9, 9, 9, 9, 9, 9, 9, 9, 9, 9, 9, 9, 9, 9, 9, 9, 9, 9, 9, 9, 9, 9, 9, 9, 9, 9, 9, 9, 9, 9, 9, 9, 9, 9, 9, 9, 9, 9, 9, 9, 9, 9, 9, 9, 9, 9, 9, 9, 9, 9, 9, 9, 9, 9, 9, 9, 9, 9, 9, 9, 9, 9, 9, 9, 9, 9, 9, 9, 9, 9, 9, 9, 9, 9, 9, 9, 9, 9, 9, 9, 9, 9, 9, 9, 9, 9, 9, 9, 9, 9, 9, 9, 9, 9, 9, 9, 9, 9, 9, 9, 9, 9, 9, 9, 9, 9, 9, 9, 9, 9, 9, 9, 9, 9, 9, 9, 9, 9, 9, 9, 9, 9, 9, 9, 9, 9, 9, 9, 9, 9, 9, 9, 9, 9, 9, 9, 9, 9, 9, 9, 9, 9, 9, 9, 9, 9, 9, 9, 9, 9, 9, 9, 9, 9, 9, 9, 9, 9, 9, 9, 9, 9, 9, 9, 9, 9, 9, 9, 9, 9, 9, 9, 9, 9, 9, 9, 9, 9, 9, 9, 9, 9, 9, 9, 9, 9, 9, 9, 9, 9, 9, 9, 9, 9, 9, 9, 9, 9, 9, 9, 9, 9, 9, 9, 9, 9, 9, 9, 9, 9, 9, 9, 9, 9, 9, 9, 9, 9, 9, 9, 9, 9, 9, 9, 9, 9, 9, 9, 9, 9, 9, 9, 9, 9, 9, 9, 9, 9, 9, 9, 9, 9, 9, 9, 9, 9, 9, 9, 9, 9, 9, 9, 9, 9, 9, 9, 9, 9, 9, 9, 9, 9, 9, 9, 9, 9, 9, 9, 9, 9, 9, 9, 9, 9, 9, 9, 9, 9, 9, 9, 9, 9, 9, 9, 9, 9, 9, 9, 9, 9, 9, 9, 9, 9, 9, 9, 9, 9, 9, 9, 9, 9, 9, 9, 9, 9, 9, 9, 9, 9, 9, 9, 9, 9, 9, 9, 9, 9, 9, 9, 9, 9, 9, 9, 9, 9, 9, 9, 9, 9, 9, 9, 9, 9, 9, 9, 9, 9, 9, 9, 9, 9, 9, 9, 9, 9, 9, 9, 9, 9, 9, 9, 9, 9, 9, 9, 9, 9, 9, 9, 9, 9, 9, 9, 9, 9, 9, 9, 9, 9, 9, 9, 9, 9, 9, 9, 9, 9, 9, 9, 9, 9, 9, 9, 9, 9, 9, 9, 9, 9, 9, 9, 9, 9, 9, 9, 9, 9, 9, 9, 9, 9, 9, 9, 9, 9, 9, 9, 9, 9, 9, 9, 9, 9, 9, 9, 9, 9, 9, 9, 9, 9, 9, 9, 9, 9, 9, 9, 9, 9, 9, 9, 9, 9, 9, 9, 9, 9, 9, 9, 9, 9, 9, 9, 9, 9, 9, 9, 9, 9, 9, 9, 9, 9, 9, 9, 9, 9, 9, 9, 9, 9, 9, 9, 9, 9, 9, 9, 9, 9, 9, 9, 9, 9, 9, 9, 9, 9, 9, 9, 9, 9, 9, 9, 9, 9, 9, 9, 9, 9, 9, 9, 9, 9, 9, 9, 9, 9, 9, 9, 9, 9, 9, 9, 9, 9, 9, 9, 9, 9, 9, 9, 9, 9, 9, 9, 9, 9, 9, 9, 9, 9, 9, 9, 9, 9, 9, 9, 9, 9, 9, 9, 9, 9, 9, 9, 9, 9, 9, 9, 9, 9, 9, 9, 9, 9, 9, 9, 9, 9, 9, 9, 9, 9, 9, 9, 9, 9, 9, 9, 9, 9, 9, 9, 9, 9, 9, 9, 9, 9, 9, 9, 9, 9, 9, 9, 9, 9, 9, 9, 9, 9, 9, 9, 9, 9, 9, 9, 9, 9, 9, 9, 9, 9, 9, 9, 9, 9, 9, 9, 9, 9, 9, 9, 9, 9, 9, 9, 9, 9, 9, 9, 9, 9, 9, 9, 9, 9, 9, 9, 9, 9, 9, 9, 9, 9, 9, 9, 9, 9, 9, 9, 9, 9, 9, 9, 9, 9, 9, 9, 9, 9, 9, 9, 9, 9, 9, 9, 9, 9, 9, 9, 9, 9, 9, 9, 9, 9, 9, 9, 9, 9, 9, 9, 9, 9, 9, 9, 9, 9, 9, 9, 9, 9, 9, 9, 9, 9, 9, 9, 9, 9, 9, 9, 9, 9, 9, 9, 9, 9, 9, 9, 9, 9, 9, 9, 9, 9, 9, 9, 9, 9, 9, 9, 9, 9, 9, 9, 9, 9, 9, 9, 9, 9, 9, 9, 9, 9, 9, 9, 9, 9, 9, 9, 9, 9, 9, 9, 9, 9, 9, 9, 9, 9, 9, 9, 9, 9, 9, 9, 9, 9, 9, 9, 9, 9, 9, 9, 9, 9, 9, 9, 9, 9, 9, 9, 9, 9, 9, 9, 9, 9, 9, 9, 9, 9, 9, 9, 9, 9, 9, 9, 9, 9, 9, 9, 9, 9, 9, 9, 9, 9, 9, 9, 9, 9, 9, 9, 9, 9, 9, 9, 9, 9, 9, 9, 9, 9, 9, 9, 9, 9, 9, 9, 9, 9, 9, 9, 9, 9, 9, 9, 9, 9, 9, 9, 9, 9, 9, 9, 9, 9, 9, 9, 9, 9, 9, 9, 9, 9, 9, 9, 9, 9, 9, 9, 9, 9, 9, 9, 9, 9, 9, 9, 9, 9, 9, 9, 9, 9, 9, 9, 9, 9, 9, 9, 9, 9, 9, 9, 9, 9, 9, 9, 9, 9, 9, 9, 9, 9, 9, 9, 9, 9, 9, 9, 9, 9, 9, 9, 9, 9, 9, 9, 9, 9, 9, 9, 9, 9, 9, 9, 9, 9, 9, 9, 9, 9, 9, 9, 9, 9, 9, 9, 9, 9, 9, 9, 9, 9, 9, 9, 9, 9, 9, 9, 9, 9, 9, 9, 9, 9, 9, 9, 9, 9, 9, 9, 9, 9, 9, 9, 9, 9, 9, 9, 9, 9, 9, 9, 9, 9, 9, 9, 9, 9, 9, 9, 9, 9, 9, 9, 9, 9, 9, 9, 9, 9, 9, 9, 9, 9, 9, 9, 9, 9, 9, 9, 9, 9, 9, 9, 9, 9, 9, 9, 9, 9, 9, 9, 9, 9, 9, 9, 9, 9, 9, 9, 9, 9, 9, 9, 9, 9, 9, 9, 9, 9, 9, 9, 9, 9, 9, 9, 9, 9, 9, 9, 9, 9, 9, 9, 9, 9, 9, 9, 9, 9, 9, 9, 9, 9, 9, 9, 9, 9, 9, 9, 9, 9, 9, 9, 9, 9, 9, 9, 9, 9, 9, 9, 9, 9, 9, 9, 9, 9, 9, 9, 9, 9, 9, 9, 9, 9, 9, 9, 9, 9, 9, 9, 9, 9, 9, 9, 9, 9, 9, 9, 9, 9, 9, 9, 9, 9, 9, 9, 9, 9, 9, 9, 9, 9, 9, 9, 9, 9, 9, 9, 9, 9, 9, 9, 9, 9, 9, 9, 9, 9, 9, 9, 9, 9, 9, 9, 9, 9, 9, 9, 9, 9, 9, 9, 9, 9, 9, 9, 9, 9, 9, 9, 9, 9, 9, 9, 9, 9, 9, 9, 9, 9, 9, 9, 9, 9, 9, 9, 9, 9, 9, 9, 9, 9, 9, 9, 9, 9, 9, 9, 9, 9, 9, 9, 9, 9, 9, 9, 9, 9, 9, 9, 9, 9, 9, 9, 9, 9, 9, 9, 9, 9, 9, 9, 9, 9, 9, 9, 9, 9, 9, 9, 9, 9, 9, 9, 9, 9, 9, 9, 9, 9, 9, 9, 9, 9, 9, 9, 9, 9, 9, 9, 9, 9, 9, 9, 9, 9, 9, 9, 9, 9, 9, 9, 9, 9, 9, 9, 9, 9, 9, 9, 9, 9, 9, 9, 9, 9, 9, 9, 9, 9, 9, 9, 9, 9, 9, 9, 9, 9, 9, 9, 9, 9, 9, 9, 9, 9, 9, 9, 9, 9, 9, 9, 9, 9, 9, 9, 9, 9, 9, 9, 9, 9, 9, 9, 9, 9, 9, 9, 9, 9, 9, 9, 9, 9, 9, 9, 9, 9, 9, 9, 9, 9, 9, 9, 9, 9, 9, 9, 9, 9, 9, 9, 9, 9, 9, 9, 9, 9, 9, 9, 9, 9, 9, 9, 9, 9, 9, 9, 9, 9, 9, 9, 9, 9, 9, 9, 9, 9, 9, 9, 9, 9, 9, 9, 9, 9, 9, 9, 9, 9, 9, 9, 9, 9, 9, 9, 9, 9, 9, 9, 9, 9, 9, 9, 9, 9, 9, 9, 9, 9, 9, 9, 9, 9, 9, 9, 9, 9, 9, 9, 9, 9, 9, 9, 9, 9, 9, 9, 9, 9, 9, 9, 9, 9, 9, 9, 9, 9, 9, 9, 9, 9, 9, 9, 9, 9, 9, 9, 9, 9, 9, 9, 9, 9, 9, 9, 9, 9, 9, 9, 9, 9, 9, 9, 9, 9, 9, 9, 9, 9, 9, 9, 9, 9, 9, 9, 9, 9, 9, 9, 9, 9, 9, 9, 9, 9, 9, 9, 9, 9, 9, 9, 9, 9, 9, 9, 9, 9, 9, 9, 9, 9, 9, 9, 9, 9, 9, 9, 9, 9, 9, 9, 9, 9, 9, 9, 9, 9, 9, 9, 9, 9, 9, 9, 9, 9, 9, 9, 9, 9, 9, 9, 9, 9, 9, 9, 9, 9, 9, 9, 9, 9, 9, 9, 9, 9, 9, 9, 9, 9, 9, 9, 9, 9, 9, 9, 9, 9, 9, 9, 9, 9, 9, 9, 9, 9, 9, 9, 9, 9, 9, 9, 9, 9, 9, 9, 9, 9, 9, 9, 9, 9, 9, 9, 9, 9, 9, 9, 9, 9, 9, 9, 9, 9, 9, 9, 9, 9, 9, 9, 9, 9, 9, 9, 9, 9, 9, 9, 9, 9, 9, 9, 9, 9, 9, 9, 9, 9, 9, 9, 9, 9, 9, 9, 9, 9, 9, 9, 9, 9, 9, 9, 9, 9, 9, 9, 9, 9, 9, 9, 9, 9, 9, 9, 9, 9, 9, 9, 9, 9, 9, 9, 9, 9, 9, 9, 9, 9, 9, 9, 9, 9, 9, 9, 9, 9, 9, 9, 9, 9, 9, 9, 9, 9, 9, 9, 9, 9, 9, 9, 9, 9, 9, 9, 9, 9, 9, 9, 9, 9, 9, 9, 9, 9, 9, 9, 9, 9, 9, 9, 9, 9, 9, 9, 9, 9, 9, 9, 9, 9, 9, 9, 9, 9, 9, 9, 9, 9, 9, 9, 9, 9, 9, 9, 9, 9, 9, 9, 9, 9, 9, 9, 9, 9, 9, 9, 9, 9, 9, 9, 9, 9, 9, 9, 9, 9, 9, 9, 9, 9, 9, 9, 9, 9, 9, 9, 9, 9, 9, 9, 9, 9, 9, 9, 9, 9, 9, 9, 9, 9, 9, 9, 9, 9, 9, 9, 9, 9, 9, 9, 9, 9, 9, 9, 9, 9, 9, 9, 9, 9, 9, 9, 9, 9, 9, 9, 9, 9, 9, 9, 9, 9, 9, 9, 9, 9, 9, 9, 9, 9, 9, 9, 9, 9, 9, 9, 9, 9, 9, 9, 9, 9, 9, 9, 9, 9, 9, 9, 9, 9, 9, 9, 9, 9, 9, 9, 9, 9, 9, 9, 9, 9, 9, 9, 9, 9, 9, 9, 9, 9, 9, 9, 9, 9, 9, 9, 9, 9, 9, 9, 9, 9, 9, 9, 9, 9, 9, 9, 9, 9, 9, 9, 9, 9, 9, 9, 9, 9, 9, 9, 9, 9, 9, 9, 9, 9, 9, 9, 9, 9, 9, 9, 9, 9, 9, 9, 9, 9, 9, 9, 9, 9, 9, 9, 9, 9, 9, 9, 9, 9, 9, 9, 9, 9, 9, 9, 9, 9, 9, 9, 9, 9, 9, 9, 9, 9, 9, 9, 9, 9, 9, 9, 9, 9, 9, 9, 9, 9, 9, 9, 9, 9, 9, 9, 9, 9, 9, 9, 9, 9, 9, 9, 9, 9, 9, 9, 9, 9, 9, 9, 9, 9, 9, 9, 9, 9, 9, 9, 9, 9, 9, 9, 9, 9, 9, 9, 9, 9, 9, 9, 9, 9, 9, 9, 9, 9, 9, 9, 9, 9, 9, 9, 9, 9, 9, 9, 9, 9, 9, 9, 9, 9, 9, 9, 9, 9, 9, 9, 9, 9, 9, 9, 9, 9, 9, 9, 9, 9, 9, 9, 9, 9, 9, 9, 9, 9, 9, 9, 9, 9, 9, 9, 9, 9, 9, 9, 9, 9, 9, 9, 9, 9, 9, 9, 9, 9, 9, 9, 9, 9, 9, 9, 9, 9, 9, 9, 9, 9, 9, 9, 9, 9, 9, 9, 9, 9, 9, 9, 9, 9, 9, 9, 9, 9, 9, 9, 9, 9, 9, 9, 9, 9, 9, 9, 9, 9, 9, 9, 9, 9, 9, 9, 9, 9, 9, 9, 9, 9, 9, 9, 9, 9, 9, 9, 9, 9, 9, 9, 9, 9, 9, 9, 9, 9, 9, 9, 9, 9, 9, 9, 9, 9, 9, 9, 9, 9, 9, 9, 9, 9, 9, 9, 9, 9, 9, 9, 9, 9, 9, 9, 9, 9, 9, 9, 9, 9, 9, 9, 9, 9, 9, 9, 9, 9, 9, 9, 9, 9, 9, 9, 9, 9, 9, 9, 9, 9, 9, 9, 9, 9, 9, 9, 9, 9, 9, 9, 9, 9, 9, 9, 9, 9, 9, 9, 9, 9, 9, 9, 9, 9, 9, 9, 9, 9, 9, 9, 9, 9, 9, 9, 9, 9, 9, 9, 9, 9, 9, 9, 9, 9, 9, 9, 9, 9, 9, 9, 9, 9, 9, 9, 9, 9, 9, 9, 9, 9, 9, 9, 9, 9, 9, 9, 9, 9, 9, 9, 9, 9, 9, 9, 9, 9, 9, 9, 9, 9, 9, 9, 9, 9, 9, 9, 9, 9, 9, 9, 9, 9, 9, 9, 9, 9, 9, 9, 9, 9, 9, 9, 9, 9, 9, 9, 9, 9, 9, 9, 9, 9, 9, 9, 9, 9, 9, 9, 9, 9, 9, 9, 9, 9, 9, 9, 9, 9, 9, 9, 9, 9, 9, 9, 9, 9, 9, 9, 9, 9, 9, 9, 9, 9, 9, 9, 9, 9, 9, 9, 9, 9, 9, 9, 9, 9, 9, 9, 9, 9, 9, 9, 9, 9, 9, 9, 9, 9, 9, 9, 9, 9, 9, 9, 9, 9, 9, 9, 9, 9, 9, 9, 9, 9, 9, 9, 9, 9, 9, 9, 9, 9, 9, 9, 9, 9, 9, 9, 9, 9, 9, 9, 9, 9, 9, 9, 9, 9, 9, 9, 9, 9, 9, 9, 9, 9, 9, 9, 9, 9, 9, 9, 9, 9, 9, 9, 9, 9, 9, 9, 9, 9, 9, 9, 9, 9, 9, 9, 9, 9, 9, 9, 9, 9, 9, 9, 9, 9, 9, 9, 9, 9, 9, 9, 9, 9, 9, 9, 9, 9, 9, 9, 9, 9, 9, 9, 9, 9, 9, 9, 9, 9, 9, 9, 9, 9, 9, 9, 9, 9, 9, 9, 9, 9, 9, 9, 9, 9, 9, 9, 9, 9, 9, 9, 9, 9, 9, 9, 9, 9, 9, 9, 9, 9, 9, 9, 9, 9, 9, 9, 9, 9, 9, 9, 9, 9, 9, 9, 9, 9, 9, 9, 9, 9, 9, 9, 9, 9, 9, 9, 9, 9, 9, 9, 9, 9, 9, 9, 9, 9, 9, 9, 9, 9, 9, 9, 9, 9, 9, 9, 9, 9, 9, 9, 9, 9, 9, 9, 9, 9, 9, 9, 9, 9, 9, 9, 9, 9, 9, 9, 9, 9, 9, 9, 9, 9, 9, 9, 9, 9, 9, 9, 9, 9, 9, 9, 9, 9, 9, 9, 9, 9, 9, 9, 9, 9, 9, 9, 9, 9, 9, 9, 9, 9, 9, 9, 9, 9, 9, 9, 9, 9, 9, 9, 9, 9, 9, 9, 9, 9, 9, 9, 9, 9, 9, 9, 9, 9, 9, 9, 9, 9, 9, 9, 9, 9, 9, 9, 9, 9, 9, 9, 9, 9, 9, 9, 9, 9, 9, 9, 9, 9, 9, 9, 9, 9, 9, 9, 9, 9, 9, 9, 9, 9, 9, 9, 9, 9, 9, 9, 9, 9, 9, 9, 9, 9, 9, 9, 9, 9, 9, 9, 9, 9, 9, 9, 9, 9, 9, 9, 9, 9, 9, 9, 9, 9, 9, 9, 9, 9, 9, 9, 9, 9, 9, 9, 9, 9, 9, 9, 9, 9, 9, 9, 9, 9, 9, 9, 9, 9, 9, 9, 9, 9, 9, 9, 9, 9, 9, 9, 9, 9, 9, 9, 9, 9, 9, 9, 9, 9, 9, 9, 9, 9, 9, 9, 9, 9, 9, 9, 9, 9, 9, 9, 9, 9, 9, 9, 9, 9, 9, 9, 9, 9, 9, 9, 9, 9, 9, 9, 9, 9, 9, 9, 9, 9, 9, 9, 9, 9, 9, 9, 9, 9, 9, 9, 9, 9, 9, 9, 9, 9, 9, 9, 9, 9, 9, 9, 9, 9, 9, 9, 9, 9, 9, 9, 9, 9, 9, 9, 9, 9, 9, 9, 9, 9, 9, 9, 9, 9, 9, 9, 9, 9, 9, 9, 9, 9, 9, 9, 9, 9, 9, 9, 9, 9, 9, 9, 9, 9, 9, 9, 9, 9, 9, 9, 9, 9, 9, 9, 9, 9, 9, 9, 9, 9, 9, 9, 9, 9, 9, 9, 9, 9, 9, 9, 9, 9, 9, 9, 9, 9, 9, 9, 9, 9, 9, 9, 9, 9, 9, 9, 9, 9, 9, 9, 9, 9, 9, 9, 9, 9, 9, 9, 9, 9, 9, 9, 9, 9, 9, 9, 9, 9, 9, 9, 9, 9, 9, 9, 9, 9, 9, 9, 9, 9, 9, 9, 9, 9, 9, 9, 9, 9, 9, 9, 9, 9, 9, 9, 9, 9, 9, 9, 9, 9, 9, 9, 9, 9, 9, 9, 9, 9, 9, 9, 9, 9, 9, 9, 9, 9, 9, 9, 9, 9, 9, 9, 9, 9, 9, 9, 9, 9, 9, 9, 9, 9, 9, 9, 9, 9, 9, 9, 9, 9, 9, 9, 9, 9, 9, 9, 9, 9, 9, 9, 9, 9, 9, 9, 9, 9, 9, 9, 9, 9, 9, 9, 9, 9, 9, 9, 9, 9, 9, 9, 9, 9, 9, 9, 9, 9, 9, 9, 9, 9, 9, 9, 9, 9, 9, 9, 9, 9, 9, 9, 9, 9, 9, 9, 9, 9, 9, 9, 9, 9, 9, 9, 9, 9, 9, 9, 9, 9, 9, 9, 9, 9, 9, 9, 9, 9, 9, 9, 9, 9, 9, 9, 9, 9, 9, 9, 9, 9, 9, 9, 9, 9, 9, 9, 9, 9, 9, 9, 9, 9, 9, 9, 9, 9, 9, 9, 9, 9, 9, 9, 9, 9, 9, 9, 9, 9, 9, 9, 9, 9, 9, 9, 9, 9, 9, 9, 9, 9, 9, 9, 9, 9, 9, 9, 9, 9, 9, 9, 9, 9, 9, 9, 9, 9, 9, 9, 9, 9, 9, 9, 9, 9, 9, 9, 9, 9, 9, 9, 9, 9, 9, 9, 9, 9, 9, 9, 9, 9, 9, 9, 9, 9, 9, 9, 9, 9, 9, 9, 9, 9, 9, 9, 9, 9, 9, 9, 9, 9, 9, 9, 9, 9, 9, 9, 9, 9, 9, 9, 9, 9, 9, 9, 9, 9, 9, 9, 9, 9, 9, 9, 9, 9, 9, 9, 9, 9, 9, 9, 9, 9, 9, 9, 9, 9, 9, 9, 9, 9, 9, 9, 9, 9, 9, 9, 9, 9, 9, 9, 9, 9, 9, 9, 9, 9, 9, 9, 9, 9, 9, 9, 9, 9, 9, 9, 9, 9, 9, 9, 9, 9, 9, 9, 9, 9, 9, 9, 9, 9, 9, 9, 9, 9, 9, 9, 9, 9, 9, 9, 9, 9, 9, 9, 9, 9, 9, 9, 9, 9, 9, 9, 9, 9, 9, 9, 9, 9, 9, 9, 9, 9, 9, 9, 9, 9, 9, 9, 9, 9, 9, 9, 9, 9, 9, 9, 9, 9, 9, 9, 9, 9, 9, 9, 9, 9, 9, 9, 9, 9, 9, 9, 9, 9, 9, 9, 9, 9, 9, 9, 9, 9, 9, 9, 9, 9, 9, 9, 9, 9, 9, 9, 9, 9, 9, 9, 9, 9, 9, 9, 9, 9, 9, 9, 9, 9, 9, 9, 9, 9, 9, 9, 9, 9, 9, 9, 9, 9, 9, 9, 9, 9, 9, 9, 9, 9, 9, 9, 9, 9, 9, 9, 9, 9, 9, 9, 9, 9, 9, 9, 9, 9, 9, 9, 9, 9, 9, 9, 9, 9, 9, 9, 9, 9, 9, 9, 9, 9, 9, 9, 9, 9, 9, 9, 9, 9, 9, 9, 9, 9, 9, 9, 9, 9, 9, 9, 9, 9, 9, 9, 9, 9, 9, 9, 9, 9, 9, 9, 9, 9, 9, 9, 9, 9, 9, 9, 9, 9, 9, 9, 9, 9, 9, 9, 9, 9, 9, 9, 9, 9, 9, 9, 9, 9, 9, 9, 9, 9, 9, 9, 9, 9, 9, 9, 9, 9, 9, 9, 9, 9, 9, 9, 9, 9, 9, 9, 9, 9, 9, 9, 9, 9, 9, 9, 9, 9, 9, 9, 9, 9, 9, 9, 9, 9, 9, 9, 9, 9, 9, 9, 9, 9, 9, 9, 9, 9, 9, 9, 9, 9, 9, 9, 9, 9, 9, 9, 9, 9, 9, 9, 9, 9, 9, 9, 9, 9, 9, 9, 9, 9, 9, 9, 9, 9, 9, 9, 9, 9, 9, 9, 9, 9, 9, 9, 9, 9, 9, 9, 9, 9, 9, 9, 9, 9, 9, 9, 9, 9, 9, 9, 9, 9, 9, 9, 9, 9, 9, 9, 9, 9, 9, 9, 9, 9, 9, 9, 9, 9, 9],
         "height":70,
         "id":1,
         "name":"Tile Layer 1",
         "opacity":1,
         "type":"tilelayer",
         "visible":true,
         "width":70,
         "x":0,
         "y":0
        }, 
        {
         "data":[0, 0, 0, 0, 0, 0, 0, 0, 0, 0, 0, 0, 0, 0, 0, 0, 0, 0, 0, 0, 0, 0, 0, 0, 0, 0, 0, 0, 0, 0, 0, 0, 0, 0, 0, 0, 0, 0, 0, 0, 0, 0, 0, 0, 0, 0, 0, 0, 0, 0, 0, 0, 0, 0, 0, 0, 0, 0, 0, 0, 0, 0, 0, 0, 0, 0, 0, 0, 0, 0, 0, 0, 0, 0, 0, 0, 45, 46, 47, 45, 46, 47, 0, 0, 0, 0, 0, 45, 46, 47, 0, 0, 0, 0, 0, 0, 0, 0, 0, 0, 0, 0, 0, 0, 0, 0, 0, 0, 0, 0, 0, 0, 0, 0, 0, 0, 0, 0, 0, 0, 0, 0, 0, 0, 0, 0, 0, 0, 0, 0, 0, 0, 0, 0, 0, 0, 0, 0, 0, 0, 0, 0, 0, 0, 0, 0, 58, 59, 60, 58, 59, 60, 0, 0, 0, 0, 0, 58, 59, 60, 0, 0, 0, 0, 0, 0, 0, 0, 0, 0, 0, 0, 0, 0, 0, 0, 0, 0, 0, 0, 0, 0, 0, 0, 0, 0, 0, 0, 0, 0, 0, 0, 0, 0, 0, 0, 0, 0, 0, 0, 0, 0, 0, 0, 0, 0, 0, 0, 0, 0, 0, 0, 0, 0, 0, 0, 71, 72, 73, 71, 72, 73, 0, 0, 0, 0, 0, 71, 72, 73, 0, 0, 0, 0, 0, 0, 0, 0, 0, 0, 0, 0, 0, 0, 0, 0, 0, 0, 0, 0, 0, 0, 0, 0, 0, 0, 0, 0, 0, 0, 0, 0, 0, 0, 0, 0, 0, 0, 0, 0, 45, 46, 47, 45, 46, 47, 45, 46, 47, 0, 0, 0, 0, 0, 0, 0, 45, 46, 47, 45, 46, 47, 0, 0, 0, 0, 0, 45, 46, 47, 0, 0, 45, 46, 47, 0, 45, 46, 47, 0, 45, 46, 47, 45, 46, 47, 45, 46, 47, 45, 46, 47, 45, 46, 47, 45, 46, 47, 45, 46, 47, 45, 46, 47, 45, 46, 47, 45, 46, 47, 58, 59, 60, 58, 59, 60, 58, 59, 60, 0, 0, 0, 0, 0, 0, 0, 58, 59, 60, 58, 59, 60, 0, 0, 0, 0, 0, 58, 59, 60, 0, 0, 58, 59, 60, 0, 58, 59, 60, 0, 58, 59, 60, 58, 59, 60, 58, 59, 60, 58, 59, 60, 58, 59, 60, 58, 59, 60, 58, 59, 60, 58, 59, 60, 58, 59, 60, 58, 59, 60, 71, 72, 73, 71, 72, 73, 71, 72, 73, 0, 0, 0, 0, 0, 0, 0, 71, 72, 73, 71, 72, 73, 0, 0, 0, 0, 0, 71, 72, 73, 0, 0, 71, 72, 73, 0, 71, 72, 73, 0, 71, 72, 73, 71, 72, 73, 71, 72, 73, 71, 72, 73, 71, 72, 73, 71, 72, 73, 71, 72, 73, 71, 72, 73, 71, 72, 73, 71, 72, 73, 45, 46, 47, 45, 46, 47, 45, 46, 47, 0, 0, 0, 0, 0, 0, 0, 45, 46, 47, 45, 46, 47, 0, 0, 0, 0, 0, 45, 46, 47, 45, 46, 47, 45, 46, 47, 0, 0, 0, 0, 0, 0, 0, 0, 0, 0, 0, 0, 0, 0, 0, 0, 0, 0, 0, 0, 0, 0, 0, 0, 0, 0, 0, 0, 0, 0, 0, 0, 0, 0, 58, 59, 60, 58, 59, 60, 58, 59, 60, 0, 0, 0, 0, 0, 0, 0, 58, 59, 60, 58, 59, 60, 0, 0, 0, 0, 0, 58, 59, 60, 58, 59, 60, 58, 59, 60, 0, 0, 0, 0, 0, 0, 0, 0, 0, 0, 0, 0, 0, 0, 0, 0, 0, 0, 0, 0, 0, 0, 0, 0, 0, 0, 0, 0, 0, 0, 0, 0, 0, 0, 71, 72, 73, 71, 72, 73, 71, 72, 73, 0, 0, 0, 0, 0, 0, 0, 71, 72, 73, 71, 72, 73, 0, 0, 0, 0, 0, 71, 72, 73, 71, 72, 73, 71, 72, 73, 0, 0, 0, 0, 0, 0, 0, 0, 0, 0, 0, 0, 0, 0, 0, 0, 0, 0, 0, 0, 0, 0, 0, 0, 0, 0, 0, 0, 0, 0, 0, 0, 0, 0, 45, 46, 47, 45, 46, 47, 45, 46, 47, 0, 0, 0, 0, 0, 0, 0, 45, 46, 47, 45, 46, 47, 0, 0, 0, 0, 0, 0, 0, 0, 0, 0, 0, 0, 0, 0, 0, 0, 0, 0, 0, 0, 0, 0, 0, 0, 0, 0, 0, 0, 0, 0, 0, 0, 0, 0, 0, 0, 0, 0, 0, 0, 0, 0, 0, 0, 0, 0, 0, 0, 58, 59, 60, 58, 59, 60, 58, 59, 60, 0, 0, 0, 0, 0, 0, 0, 58, 59, 60, 58, 59, 60, 0, 0, 0, 0, 0, 0, 0, 0, 0, 0, 0, 0, 0, 0, 0, 0, 0, 0, 0, 0, 0, 0, 0, 0, 0, 0, 0, 0, 0, 0, 0, 0, 0, 0, 0, 0, 0, 0, 0, 0, 0, 0, 0, 0, 0, 0, 0, 0, 71, 72, 73, 71, 72, 73, 71, 72, 73, 0, 0, 0, 0, 0, 0, 0, 71, 72, 73, 71, 72, 73, 0, 0, 0, 0, 0, 0, 0, 0, 0, 0, 0, 0, 0, 0, 0, 0, 0, 0, 0, 0, 45, 46, 47, 45, 46, 47, 45, 46, 47, 45, 46, 47, 45, 46, 47, 45, 46, 47, 45, 46, 47, 45, 46, 47, 0, 0, 0, 0, 45, 46, 47, 45, 46, 47, 45, 46, 47, 0, 0, 0, 0, 0, 0, 0, 45, 46, 47, 45, 46, 47, 0, 0, 0, 0, 0, 0, 0, 0, 0, 0, 0, 0, 0, 0, 0, 0, 0, 0, 0, 0, 58, 59, 60, 58, 59, 60, 58, 59, 60, 58, 59, 60, 58, 59, 60, 58, 59, 60, 58, 59, 60, 58, 59, 60, 0, 0, 0, 0, 58, 59, 60, 58, 59, 60, 58, 59, 60, 0, 0, 0, 0, 0, 0, 0, 58, 59, 60, 58, 59, 60, 45, 46, 47, 45, 46, 47, 45, 46, 47, 45, 46, 47, 0, 0, 0, 0, 0, 0, 0, 0, 71, 72, 73, 71, 72, 73, 71, 72, 73, 71, 72, 73, 71, 72, 73, 71, 72, 73, 71, 72, 73, 71, 72, 73, 0, 0, 0, 0, 71, 72, 73, 71, 72, 73, 71, 72, 73, 0, 0, 0, 0, 0, 0, 0, 71, 72, 73, 71, 72, 73, 58, 59, 60, 58, 59, 60, 58, 59, 60, 58, 59, 60, 0, 0, 0, 0, 0, 0, 0, 0, 0, 0, 0, 0, 0, 0, 0, 0, 0, 0, 45, 46, 47, 1, 2, 3, 4, 5, 0, 0, 0, 0, 0, 0, 0, 0, 0, 0, 45, 46, 47, 45, 46, 47, 45, 46, 47, 0, 0, 0, 0, 0, 0, 0, 45, 46, 47, 45, 46, 47, 71, 72, 73, 71, 72, 73, 71, 72, 73, 71, 72, 73, 0, 0, 0, 0, 0, 0, 0, 0, 0, 0, 0, 0, 0, 0, 0, 0, 0, 0, 58, 59, 60, 14, 15, 16, 17, 18, 0, 0, 0, 0, 0, 0, 0, 0, 0, 0, 58, 59, 60, 58, 59, 60, 58, 59, 60, 0, 0, 0, 0, 0, 0, 0, 58, 59, 60, 58, 59, 60, 0, 0, 0, 0, 0, 0, 0, 7, 8, 45, 46, 47, 0, 0, 0, 0, 0, 0, 0, 0, 0, 0, 0, 0, 0, 0, 0, 0, 0, 0, 71, 72, 73, 27, 28, 29, 30, 31, 0, 0, 0, 0, 0, 0, 0, 0, 0, 0, 71, 72, 73, 71, 72, 73, 71, 72, 73, 0, 0, 0, 0, 0, 0, 0, 71, 72, 73, 71, 72, 73, 0, 0, 0, 0, 0, 0, 0, 20, 21, 58, 59, 60, 0, 0, 0, 0, 0, 0, 0, 0, 0, 0, 0, 0, 0, 0, 0, 0, 0, 0, 45, 46, 47, 40, 41, 42, 43, 44, 0, 0, 0, 0, 0, 0, 0, 0, 0, 0, 45, 46, 47, 45, 46, 47, 45, 46, 47, 0, 0, 0, 0, 0, 0, 0, 45, 46, 47, 45, 46, 47, 0, 0, 0, 0, 0, 0, 0, 0, 0, 71, 72, 73, 0, 0, 0, 0, 0, 0, 0, 0, 0, 0, 0, 0, 0, 0, 0, 0, 0, 0, 58, 59, 60, 53, 54, 55, 56, 57, 0, 0, 0, 0, 0, 0, 0, 0, 0, 0, 58, 59, 60, 58, 59, 60, 58, 59, 60, 0, 0, 0, 0, 0, 0, 0, 58, 59, 60, 58, 59, 60, 0, 0, 0, 0, 0, 0, 0, 0, 0, 45, 46, 47, 45, 46, 47, 45, 46, 47, 45, 46, 47, 45, 46, 47, 45, 46, 47, 45, 46, 47, 71, 72, 73, 66, 67, 68, 69, 70, 0, 0, 0, 0, 0, 0, 0, 0, 0, 0, 71, 72, 73, 71, 72, 73, 71, 72, 73, 0, 0, 0, 0, 0, 0, 0, 71, 72, 73, 71, 72, 73, 0, 0, 0, 0, 0, 0, 0, 0, 0, 58, 59, 60, 58, 59, 60, 58, 59, 60, 58, 59, 60, 58, 59, 60, 58, 59, 60, 58, 59, 60, 45, 46, 47, 0, 0, 0, 0, 0, 0, 0, 0, 0, 0, 0, 0, 0, 0, 0, 45, 46, 47, 45, 46, 47, 45, 46, 47, 0, 0, 0, 0, 0, 0, 0, 45, 46, 47, 45, 46, 47, 0, 0, 0, 0, 0, 0, 0, 0, 0, 71, 72, 73, 71, 72, 73, 71, 72, 73, 71, 72, 73, 71, 72, 73, 71, 72, 73, 71, 72, 73, 58, 59, 60, 0, 0, 0, 0, 0, 0, 0, 0, 0, 0, 0, 0, 0, 0, 0, 58, 59, 60, 58, 59, 60, 58, 59, 60, 0, 0, 0, 0, 0, 0, 0, 58, 59, 60, 58, 59, 60, 0, 0, 0, 0, 0, 0, 0, 0, 0, 45, 46, 47, 0, 0, 0, 0, 0, 0, 0, 0, 0, 0, 0, 0, 0, 0, 0, 0, 0, 0, 71, 72, 73, 0, 0, 0, 0, 0, 0, 0, 0, 0, 0, 0, 0, 0, 0, 0, 71, 72, 73, 71, 72, 73, 71, 72, 73, 0, 0, 0, 0, 0, 0, 0, 71, 72, 73, 71, 72, 73, 0, 0, 0, 0, 0, 0, 0, 0, 0, 58, 59, 60, 0, 0, 0, 0, 0, 0, 0, 0, 0, 0, 0, 0, 0, 0, 0, 0, 0, 0, 0, 0, 0, 0, 0, 0, 0, 0, 0, 0, 0, 0, 0, 0, 0, 0, 0, 0, 45, 46, 47, 45, 46, 47, 45, 46, 47, 0, 0, 0, 0, 0, 0, 0, 45, 46, 47, 45, 46, 47, 0, 0, 0, 0, 0, 0, 0, 0, 0, 71, 72, 73, 0, 0, 0, 0, 0, 0, 0, 0, 0, 0, 0, 0, 0, 0, 0, 0, 0, 0, 0, 0, 0, 0, 0, 0, 0, 0, 0, 0, 0, 0, 0, 0, 0, 0, 0, 0, 58, 59, 60, 58, 59, 60, 58, 59, 60, 0, 0, 0, 0, 0, 0, 0, 58, 59, 60, 58, 59, 60, 0, 0, 0, 0, 0, 0, 0, 0, 0, 0, 0, 0, 0, 0, 0, 0, 0, 0, 0, 0, 0, 0, 0, 0, 0, 0, 0, 0, 0, 0, 0, 0, 0, 0, 0, 0, 0, 0, 0, 0, 0, 0, 0, 0, 0, 0, 0, 0, 71, 72, 73, 71, 72, 73, 71, 72, 73, 0, 0, 0, 0, 0, 0, 0, 71, 72, 73, 71, 72, 73, 0, 0, 0, 45, 46, 47, 45, 46, 47, 45, 46, 47, 0, 0, 0, 0, 0, 0, 0, 0, 0, 0, 0, 0, 0, 0, 0, 0, 0, 0, 45, 46, 47, 0, 0, 0, 0, 0, 0, 0, 0, 0, 0, 0, 0, 0, 0, 0, 45, 46, 47, 45, 46, 47, 45, 46, 47, 0, 0, 0, 0, 0, 0, 0, 45, 46, 47, 45, 46, 47, 0, 0, 0, 58, 59, 60, 58, 59, 60, 58, 59, 60, 0, 0, 0, 0, 0, 0, 0, 0, 0, 0, 0, 0, 0, 0, 0, 0, 0, 0, 58, 59, 60, 45, 46, 47, 45, 46, 47, 45, 46, 47, 45, 46, 47, 45, 46, 47, 58, 59, 60, 58, 59, 60, 58, 59, 60, 0, 0, 0, 0, 0, 0, 0, 58, 59, 60, 58, 59, 60, 0, 0, 0, 71, 72, 73, 71, 72, 73, 71, 72, 73, 0, 0, 0, 0, 0, 0, 0, 0, 0, 0, 0, 0, 0, 0, 0, 0, 0, 0, 71, 72, 73, 58, 59, 60, 58, 59, 60, 58, 59, 60, 58, 59, 60, 58, 59, 60, 71, 72, 73, 71, 72, 73, 71, 72, 73, 0, 0, 0, 0, 0, 0, 0, 71, 72, 73, 71, 72, 73, 0, 0, 0, 0, 0, 0, 0, 0, 0, 0, 0, 0, 45, 46, 47, 45, 46, 47, 45, 46, 47, 45, 46, 47, 45, 46, 47, 0, 0, 0, 45, 46, 47, 71, 72, 73, 71, 72, 73, 71, 72, 73, 71, 72, 73, 71, 72, 73, 45, 46, 47, 45, 46, 47, 45, 46, 47, 0, 0, 0, 0, 0, 0, 0, 45, 46, 47, 45, 46, 47, 0, 0, 0, 0, 0, 0, 0, 0, 0, 0, 0, 0, 58, 59, 60, 58, 59, 60, 58, 59, 60, 58, 59, 60, 58, 59, 60, 0, 0, 0, 58, 59, 60, 7, 8, 0, 0, 0, 0, 0, 0, 0, 0, 0, 0, 0, 0, 0, 58, 59, 60, 58, 59, 60, 58, 59, 60, 0, 0, 0, 0, 0, 0, 0, 58, 59, 60, 58, 59, 60, 0, 0, 0, 0, 0, 0, 0, 0, 0, 0, 0, 0, 71, 72, 73, 71, 72, 73, 71, 72, 73, 71, 72, 73, 71, 72, 73, 0, 0, 0, 71, 72, 73, 20, 21, 0, 0, 0, 0, 0, 0, 0, 0, 0, 0, 0, 0, 0, 71, 72, 73, 71, 72, 73, 71, 72, 73, 0, 0, 0, 0, 0, 0, 0, 71, 72, 73, 71, 72, 73, 0, 0, 0, 0, 0, 0, 0, 0, 0, 0, 0, 0, 0, 0, 0, 0, 0, 0, 0, 0, 0, 0, 0, 0, 0, 0, 0, 0, 0, 0, 45, 46, 47, 0, 0, 0, 0, 0, 0, 0, 0, 0, 0, 0, 22, 23, 24, 0, 45, 46, 47, 45, 46, 47, 45, 46, 47, 0, 0, 0, 0, 0, 0, 0, 45, 46, 47, 45, 46, 47, 0, 0, 0, 0, 0, 0, 0, 0, 0, 0, 0, 0, 0, 0, 0, 0, 0, 0, 0, 0, 0, 0, 0, 0, 0, 0, 0, 0, 0, 0, 58, 59, 60, 0, 0, 0, 0, 0, 0, 0, 0, 0, 0, 0, 35, 36, 37, 0, 58, 59, 60, 58, 59, 60, 58, 59, 60, 0, 0, 0, 0, 0, 0, 0, 58, 59, 60, 58, 59, 60, 0, 0, 0, 0, 0, 0, 0, 0, 0, 0, 0, 0, 0, 0, 0, 0, 0, 0, 0, 0, 0, 0, 0, 0, 0, 0, 0, 0, 0, 0, 71, 72, 73, 0, 0, 0, 0, 0, 0, 0, 0, 0, 0, 0, 48, 49, 50, 0, 71, 72, 73, 71, 72, 73, 71, 72, 73, 0, 0, 0, 0, 0, 0, 0, 71, 72, 73, 71, 72, 73, 0, 0, 0, 0, 0, 0, 0, 0, 0, 0, 0, 0, 0, 0, 0, 0, 0, 0, 0, 0, 0, 0, 0, 0, 0, 0, 0, 0, 0, 0, 45, 46, 47, 0, 0, 0, 0, 0, 0, 0, 0, 0, 0, 0, 0, 0, 0, 0, 45, 46, 47, 45, 46, 47, 45, 46, 47, 0, 0, 0, 0, 0, 0, 0, 45, 46, 47, 45, 46, 47, 0, 0, 0, 0, 0, 0, 0, 0, 0, 0, 0, 0, 0, 0, 0, 0, 0, 0, 45, 46, 47, 45, 46, 47, 45, 46, 47, 45, 46, 47, 58, 59, 60, 0, 0, 0, 0, 0, 0, 0, 0, 0, 0, 0, 0, 0, 0, 0, 58, 59, 60, 58, 59, 60, 58, 59, 60, 0, 0, 0, 0, 0, 0, 0, 58, 59, 60, 58, 59, 60, 0, 0, 0, 0, 0, 0, 0, 0, 0, 0, 0, 0, 0, 0, 0, 0, 0, 0, 58, 59, 60, 58, 59, 60, 58, 59, 60, 58, 59, 60, 71, 72, 73, 0, 0, 0, 0, 0, 0, 0, 0, 0, 0, 0, 0, 0, 0, 0, 71, 72, 73, 71, 72, 73, 71, 72, 73, 0, 0, 0, 0, 0, 0, 0, 71, 72, 73, 71, 72, 73, 0, 0, 0, 0, 0, 0, 0, 0, 0, 0, 0, 0, 0, 0, 0, 0, 0, 0, 71, 72, 73, 71, 72, 73, 71, 72, 73, 71, 72, 73, 0, 0, 0, 0, 0, 0, 0, 0, 0, 0, 0, 0, 0, 0, 0, 0, 0, 0, 45, 46, 47, 45, 46, 47, 45, 46, 47, 0, 0, 0, 0, 0, 0, 0, 45, 46, 47, 45, 46, 47, 0, 0, 0, 0, 0, 0, 0, 0, 0, 0, 0, 0, 0, 0, 0, 0, 0, 0, 45, 46, 47, 0, 0, 0, 0, 0, 0, 0, 0, 0, 45, 46, 47, 0, 0, 0, 0, 0, 0, 0, 0, 0, 0, 0, 0, 0, 0, 0, 58, 59, 60, 58, 59, 60, 58, 59, 60, 0, 0, 0, 0, 0, 0, 0, 58, 59, 60, 58, 59, 60, 0, 0, 0, 0, 0, 0, 0, 0, 0, 0, 0, 0, 0, 0, 0, 0, 0, 0, 58, 59, 60, 0, 0, 0, 0, 0, 0, 0, 0, 0, 58, 59, 60, 0, 0, 0, 0, 22, 23, 24, 0, 0, 0, 0, 0, 0, 0, 0, 71, 72, 73, 71, 72, 73, 71, 72, 73, 0, 0, 0, 0, 0, 0, 0, 71, 72, 73, 71, 72, 73, 0, 0, 0, 0, 0, 0, 0, 0, 0, 0, 0, 0, 0, 0, 0, 0, 0, 0, 71, 72, 73, 0, 0, 0, 0, 0, 0, 0, 0, 0, 71, 72, 73, 0, 0, 0, 0, 35, 36, 37, 22, 23, 24, 0, 0, 0, 0, 0, 45, 46, 47, 45, 46, 47, 45, 46, 47, 0, 0, 0, 0, 0, 0, 0, 45, 46, 47, 45, 46, 47, 45, 46, 47, 0, 0, 0, 45, 46, 47, 0, 0, 0, 0, 0, 0, 0, 0, 0, 45, 46, 47, 0, 0, 0, 0, 0, 0, 0, 0, 0, 45, 46, 47, 0, 0, 0, 0, 48, 49, 50, 35, 36, 37, 0, 0, 0, 0, 0, 58, 59, 60, 58, 59, 60, 58, 59, 60, 0, 0, 0, 0, 0, 0, 0, 58, 59, 60, 58, 59, 60, 58, 59, 60, 0, 0, 0, 58, 59, 60, 0, 0, 0, 0, 0, 0, 0, 0, 0, 58, 59, 60, 0, 0, 0, 0, 0, 0, 0, 0, 0, 58, 59, 60, 0, 0, 0, 0, 0, 0, 0, 48, 49, 50, 0, 22, 23, 24, 0, 71, 72, 73, 71, 72, 73, 71, 72, 73, 0, 0, 0, 0, 0, 0, 0, 71, 72, 73, 71, 72, 73, 71, 72, 73, 0, 0, 0, 71, 72, 73, 0, 0, 0, 0, 0, 0, 0, 0, 0, 71, 72, 73, 0, 0, 0, 0, 0, 0, 0, 0, 0, 71, 72, 73, 0, 0, 0, 0, 0, 0, 0, 0, 0, 0, 0, 35, 36, 37, 0, 45, 46, 47, 45, 46, 47, 45, 46, 47, 0, 0, 0, 0, 0, 0, 0, 45, 46, 47, 45, 46, 47, 0, 0, 0, 0, 0, 0, 0, 0, 0, 45, 46, 47, 0, 0, 0, 0, 0, 0, 45, 46, 47, 0, 0, 0, 0, 0, 0, 0, 0, 0, 45, 46, 47, 0, 0, 0, 0, 0, 0, 0, 0, 0, 0, 0, 48, 49, 50, 0, 58, 59, 60, 58, 59, 60, 58, 59, 60, 0, 0, 0, 0, 0, 0, 0, 58, 59, 60, 58, 59, 60, 0, 0, 0, 0, 0, 0, 0, 0, 0, 58, 59, 60, 0, 0, 0, 0, 0, 0, 58, 59, 60, 0, 0, 0, 0, 0, 0, 0, 0, 0, 58, 59, 60, 45, 46, 47, 45, 46, 47, 45, 46, 47, 0, 0, 0, 0, 0, 0, 71, 72, 73, 71, 72, 73, 71, 72, 73, 0, 0, 0, 0, 0, 0, 0, 71, 72, 73, 71, 72, 73, 0, 0, 0, 0, 0, 0, 0, 0, 0, 71, 72, 73, 0, 0, 0, 0, 0, 0, 71, 72, 73, 0, 0, 0, 0, 0, 0, 0, 0, 0, 71, 72, 73, 58, 59, 60, 58, 59, 60, 58, 59, 60, 0, 0, 0, 0, 0, 0, 45, 46, 47, 45, 46, 47, 45, 46, 47, 0, 0, 0, 0, 0, 0, 0, 45, 46, 47, 45, 46, 47, 0, 0, 0, 0, 0, 0, 0, 0, 0, 45, 46, 47, 45, 46, 47, 45, 46, 47, 45, 46, 47, 0, 0, 0, 0, 0, 0, 0, 0, 0, 0, 0, 0, 71, 72, 73, 71, 72, 73, 71, 72, 73, 0, 0, 0, 0, 0, 0, 58, 59, 60, 58, 59, 60, 58, 59, 60, 0, 0, 0, 0, 0, 0, 0, 58, 59, 60, 58, 59, 60, 0, 0, 0, 0, 0, 0, 0, 0, 0, 58, 59, 60, 58, 59, 60, 58, 59, 60, 58, 59, 60, 0, 0, 0, 0, 0, 0, 0, 0, 0, 0, 0, 0, 45, 46, 47, 0, 0, 0, 0, 0, 0, 0, 0, 0, 0, 0, 0, 71, 72, 73, 71, 72, 73, 71, 72, 73, 0, 0, 0, 0, 0, 0, 0, 71, 72, 73, 71, 72, 73, 0, 0, 0, 0, 0, 0, 0, 0, 0, 71, 72, 73, 71, 72, 73, 71, 72, 73, 71, 72, 73, 0, 0, 0, 0, 0, 0, 0, 0, 0, 0, 0, 0, 58, 59, 60, 0, 0, 0, 0, 0, 0, 0, 0, 0, 0, 0, 0, 45, 46, 47, 45, 46, 47, 45, 46, 47, 0, 0, 0, 0, 0, 0, 0, 45, 46, 47, 45, 46, 47, 45, 46, 47, 0, 0, 0, 0, 0, 0, 0, 0, 0, 0, 0, 0, 0, 0, 0, 0, 0, 0, 0, 0, 0, 0, 0, 0, 0, 0, 0, 0, 0, 0, 71, 72, 73, 0, 0, 0, 0, 0, 0, 0, 0, 0, 0, 0, 0, 58, 59, 60, 58, 59, 60, 58, 59, 60, 0, 0, 0, 0, 0, 0, 0, 58, 59, 60, 58, 59, 60, 58, 59, 60, 0, 0, 0, 0, 0, 0, 0, 0, 0, 0, 0, 0, 0, 0, 0, 0, 0, 0, 0, 0, 0, 0, 0, 0, 0, 22, 23, 24, 0, 0, 0, 0, 0, 0, 0, 0, 0, 0, 0, 0, 0, 0, 0, 0, 0, 71, 72, 73, 71, 72, 73, 71, 72, 73, 0, 0, 0, 0, 0, 0, 0, 71, 72, 73, 71, 72, 73, 71, 72, 73, 0, 0, 0, 0, 0, 0, 0, 0, 0, 0, 0, 0, 0, 0, 0, 0, 0, 0, 0, 0, 0, 0, 22, 23, 24, 35, 36, 37, 0, 0, 0, 0, 0, 0, 0, 0, 0, 0, 0, 0, 0, 0, 0, 0, 0, 0, 0, 0, 0, 0, 0, 0, 0, 0, 0, 0, 0, 0, 0, 0, 0, 0, 0, 0, 0, 0, 0, 45, 46, 47, 0, 0, 0, 0, 0, 0, 0, 0, 0, 0, 0, 0, 0, 0, 0, 0, 0, 0, 0, 0, 0, 0, 35, 36, 37, 48, 49, 50, 0, 0, 22, 23, 24, 0, 0, 0, 0, 0, 0, 0, 0, 0, 0, 0, 0, 45, 46, 47, 45, 46, 47, 45, 46, 47, 0, 0, 0, 0, 0, 0, 0, 0, 0, 0, 0, 0, 0, 58, 59, 60, 0, 0, 0, 0, 0, 0, 0, 0, 0, 0, 0, 0, 0, 0, 0, 0, 0, 0, 0, 0, 0, 0, 48, 49, 50, 0, 0, 0, 0, 0, 35, 36, 37, 0, 0, 0, 0, 0, 0, 0, 0, 0, 0, 0, 0, 58, 59, 60, 58, 59, 60, 58, 59, 60, 0, 0, 0, 0, 0, 0, 0, 0, 0, 0, 0, 0, 0, 71, 72, 73, 0, 0, 0, 0, 0, 0, 0, 0, 0, 0, 0, 0, 0, 0, 0, 0, 0, 0, 0, 0, 0, 0, 0, 0, 0, 0, 0, 0, 0, 0, 48, 49, 50, 0, 0, 0, 0, 0, 0, 0, 0, 0, 0, 0, 0, 71, 72, 73, 71, 72, 73, 71, 72, 73, 0, 0, 0, 0, 0, 0, 45, 46, 47, 45, 46, 47, 45, 46, 47, 45, 46, 47, 45, 46, 47, 45, 46, 47, 45, 46, 47, 45, 46, 47, 45, 46, 47, 45, 46, 47, 45, 46, 47, 45, 46, 47, 45, 46, 47, 45, 46, 47, 45, 46, 47, 45, 46, 47, 45, 46, 47, 0, 0, 0, 0, 45, 46, 47, 0, 0, 0, 0, 0, 0, 0, 0, 0, 0, 0, 0, 58, 59, 60, 58, 59, 60, 58, 59, 60, 58, 59, 60, 58, 59, 60, 58, 59, 60, 58, 59, 60, 58, 59, 60, 58, 59, 60, 58, 59, 60, 58, 59, 60, 58, 59, 60, 58, 59, 60, 58, 59, 60, 58, 59, 60, 58, 59, 60, 58, 59, 60, 0, 0, 0, 0, 58, 59, 60, 0, 0, 0, 0, 0, 0, 0, 0, 0, 0, 0, 0, 71, 72, 73, 71, 72, 73, 71, 72, 73, 71, 72, 73, 71, 72, 73, 71, 72, 73, 71, 72, 73, 71, 72, 73, 71, 72, 73, 71, 72, 73, 71, 72, 73, 71, 72, 73, 71, 72, 73, 71, 72, 73, 71, 72, 73, 71, 72, 73, 71, 72, 73, 0, 0, 0, 0, 71, 72, 73, 0, 0, 0, 0, 0, 0, 0, 0, 0, 0, 0, 0, 45, 46, 47, 45, 46, 47, 45, 46, 47, 45, 46, 47, 45, 46, 47, 45, 46, 47, 45, 46, 47, 45, 46, 47, 45, 46, 47, 45, 46, 47, 45, 46, 47, 45, 46, 47, 45, 46, 47, 45, 46, 47, 45, 46, 47, 45, 46, 47, 45, 46, 47, 0, 0, 0, 0, 45, 46, 47, 0, 0, 0, 0, 0, 0, 0, 0, 0, 0, 0, 0, 58, 59, 60, 58, 59, 60, 58, 59, 60, 58, 59, 60, 58, 59, 60, 58, 59, 60, 58, 59, 60, 58, 59, 60, 58, 59, 60, 58, 59, 60, 58, 59, 60, 58, 59, 60, 58, 59, 60, 58, 59, 60, 58, 59, 60, 58, 59, 60, 58, 59, 60, 0, 0, 0, 0, 58, 59, 60, 0, 0, 0, 0, 0, 0, 0, 0, 0, 0, 0, 0, 71, 72, 73, 71, 72, 73, 71, 72, 73, 71, 72, 73, 71, 72, 73, 71, 72, 73, 71, 72, 73, 71, 72, 73, 71, 72, 73, 71, 72, 73, 71, 72, 73, 71, 72, 73, 71, 72, 73, 71, 72, 73, 71, 72, 73, 71, 72, 73, 71, 72, 73, 0, 0, 0, 0, 71, 72, 73, 0, 0, 0, 0, 0, 0, 0, 0, 0, 0, 0, 0, 45, 46, 47, 45, 46, 47, 45, 46, 47, 45, 46, 47, 45, 46, 47, 45, 46, 47, 45, 46, 47, 45, 46, 47, 45, 46, 47, 45, 46, 47, 45, 46, 47, 45, 46, 47, 45, 46, 47, 45, 46, 47, 45, 46, 47, 45, 46, 47, 45, 46, 47, 0, 0, 0, 0, 45, 46, 47, 0, 0, 0, 0, 0, 0, 0, 0, 0, 0, 0, 0, 58, 59, 60, 58, 59, 60, 58, 59, 60, 58, 59, 60, 58, 59, 60, 58, 59, 60, 58, 59, 60, 58, 59, 60, 58, 59, 60, 58, 59, 60, 58, 59, 60, 58, 59, 60, 58, 59, 60, 58, 59, 60, 58, 59, 60, 58, 59, 60, 58, 59, 60, 0, 0, 0, 0, 58, 59, 60, 0, 0, 0, 0, 0, 0, 0, 0, 0, 0, 0, 0, 71, 72, 73, 71, 72, 73, 71, 72, 73, 71, 72, 73, 71, 72, 73, 71, 72, 73, 71, 72, 73, 71, 72, 73, 71, 72, 73, 71, 72, 73, 71, 72, 73, 71, 72, 73, 71, 72, 73, 71, 72, 73, 71, 72, 73, 71, 72, 73, 71, 72, 73, 0, 0, 0, 0, 71, 72, 73, 0, 0, 0, 0, 0, 0, 0, 0, 0, 0, 0, 0, 45, 46, 47, 45, 46, 47, 45, 46, 47, 45, 46, 47, 45, 46, 47, 45, 46, 47, 45, 46, 47, 45, 46, 47, 45, 46, 47, 45, 46, 47, 45, 46, 47, 45, 46, 47, 45, 46, 47, 45, 46, 47, 45, 46, 47, 45, 46, 47, 45, 46, 47, 0, 0, 0, 0, 45, 46, 47, 0, 0, 0, 0, 0, 0, 0, 0, 0, 0, 0, 0, 58, 59, 60, 58, 59, 60, 58, 59, 60, 58, 59, 60, 58, 59, 60, 58, 59, 60, 58, 59, 60, 58, 59, 60, 58, 59, 60, 58, 59, 60, 58, 59, 60, 58, 59, 60, 58, 59, 60, 58, 59, 60, 58, 59, 60, 58, 59, 60, 58, 59, 60, 0, 0, 0, 0, 58, 59, 60, 0, 0, 0, 0, 0, 0, 0, 0, 0, 0, 0, 0, 71, 72, 73, 71, 72, 73, 71, 72, 73, 71, 72, 73, 71, 72, 73, 71, 72, 73, 71, 72, 73, 71, 72, 73, 71, 72, 73, 71, 72, 73, 71, 72, 73, 71, 72, 73, 71, 72, 73, 71, 72, 73, 71, 72, 73, 71, 72, 73, 71, 72, 73, 0, 0, 0, 0, 71, 72, 73, 0, 0, 0, 0, 0, 0, 0],
         "height":70,
         "id":2,
         "name":"Tile Layer 2",
         "opacity":1,
         "type":"tilelayer",
         "visible":true,
         "width":70,
         "x":0,
         "y":0
        }, 
        {
         "draworder":"topdown",
         "id":3,
         "name":"Collisions",
         "objects":[
                {
                 "height":1117.11911357341,
                 "id":1,
                 "name":"",
                 "rotation":0,
                 "type":"",
                 "visible":true,
                 "width":89.9089829837752,
                 "x":96.6521567075584,
                 "y":2.24772457459438
                }, 
                {
                 "height":47.202216066482,
                 "id":2,
                 "name":"",
                 "rotation":0,
                 "type":"",
                 "visible":true,
                 "width":186.561139691334,
                 "x":191.056588840522,
                 "y":220.277008310249
                }, 
                {
                 "height":206.790660862683,
                 "id":3,
                 "name":"",
                 "rotation":0,
                 "type":"",
                 "visible":true,
                 "width":38.2113177681044,
                 "x":339.406410763752,
                 "y":267.479224376731
                }, 
                {
                 "height":40.4590423426989,
                 "id":4,
                 "name":"",
                 "rotation":0,
                 "type":"",
                 "visible":true,
                 "width":98.8998812821528,
                 "x":240.506529481599,
                 "y":433.810842896715
                }, 
                {
                 "height":47.202216066482,
                 "id":5,
                 "name":"",
                 "rotation":0,
                 "type":"",
                 "visible":true,
                 "width":233.763355757816,
                 "x":384.360902255639,
                 "y":476.517609814009
                }, 
                {
                 "height":47.202216066482,
                 "id":6,
                 "name":"",
                 "rotation":0,
                 "type":"",
                 "visible":true,
                 "width":292.204194697269,
                 "x":375.370003957262,
                 "y":316.929165017808
                }, 
                {
                 "height":186.561139691334,
                 "id":7,
                 "name":"",
                 "rotation":0,
                 "type":"",
                 "visible":true,
                 "width":47.202216066482,
                 "x":669.821923229125,
                 "y":191.056588840522
                }, 
                {
                 "height":42.7067669172932,
                 "id":8,
                 "name":"",
                 "rotation":0,
                 "type":"",
                 "visible":true,
                 "width":379.86545310645,
                 "x":512.481203007519,
                 "y":191.056588840522
                }, 
                {
                 "height":343.90185991294,
                 "id":9,
                 "name":"",
                 "rotation":0,
                 "type":"",
                 "visible":true,
                 "width":44.9544914918877,
                 "x":669.821923229125,
                 "y":431.563118322121
                }, 
                {
                 "height":38.2113177681045,
                 "id":10,
                 "name":"",
                 "rotation":0,
                 "type":"",
                 "visible":true,
                 "width":177.570241392956,
                 "x":487.756232686981,
                 "y":588.903838543728
                }, 
                {
                 "height":191.056588840522,
                 "id":11,
                 "name":"",
                 "rotation":0,
                 "type":"",
                 "visible":true,
                 "width":35.9635931935101,
                 "x":485.508508112386,
                 "y":627.115156311832
                }, 
                {
                 "height":33.7158686189157,
                 "id":12,
                 "name":"",
                 "rotation":0,
                 "type":"",
                 "visible":true,
                 "width":186.561139691334,
                 "x":334.910961614563,
                 "y":784.455876533439
                }, 
                {
                 "height":49.4499406410763,
                 "id":13,
                 "name":"",
                 "rotation":0,
                 "type":"",
                 "visible":true,
                 "width":44.9544914918876,
                 "x":334.910961614563,
                 "y":735.005935892363
                }, 
                {
                 "height":40.4590423426988,
                 "id":14,
                 "name":"",
                 "rotation":0,
                 "type":"",
                 "visible":true,
                 "width":42.7067669172932,
                 "x":289.956470122675,
                 "y":690.051444400475
                }, 
                {
                 "height":38.2113177681044,
                 "id":15,
                 "name":"",
                 "rotation":0,
                 "type":"",
                 "visible":true,
                 "width":42.7067669172932,
                 "x":191.056588840522,
                 "y":690.051444400475
                }, 
                {
                 "height":98.8998812821527,
                 "id":16,
                 "name":"",
                 "rotation":0,
                 "type":"",
                 "visible":true,
                 "width":44.9544914918876,
                 "x":188.808864265928,
                 "y":833.905817174515
                }, 
                {
                 "height":182.065690542145,
                 "id":17,
                 "name":"",
                 "rotation":0,
                 "type":"",
                 "visible":true,
                 "width":656.335575781559,
                 "x":233.763355757816,
                 "y":932.805698456668
                }, 
                {
                 "height":1069.91689750693,
                 "id":18,
                 "name":"",
                 "rotation":0,
                 "type":"",
                 "visible":true,
                 "width":134.863474475663,
                 "x":964.273842500989,
                 "y":44.9544914918877
                }, 
                {
                 "height":47.202216066482,
                 "id":20,
                 "name":"",
                 "rotation":0,
                 "type":"",
                 "visible":true,
                 "width":238.258804907004,
                 "x":721.519588444796,
                 "y":445.049465769687
                }, 
                {
                 "height":148.349821923229,
                 "id":21,
                 "name":"",
                 "rotation":0,
                 "type":"",
                 "visible":true,
                 "width":47.202216066482,
                 "x":271.97467352592,
                 "y":2.24772457459438
                }, 
                {
                 "height":35.9635931935101,
                 "id":23,
                 "name":"",
                 "rotation":0,
                 "type":"",
                 "visible":true,
                 "width":89.9089829837752,
                 "x":319.176889592402,
                 "y":112.386228729719
                }, 
                {
                 "height":42.7067669172932,
                 "id":24,
                 "name":"",
                 "rotation":0,
                 "type":"",
                 "visible":true,
                 "width":609.133359715077,
                 "x":350.645033636723,
                 "y":62.9362880886427
                }, 
                {
                 "height":47.202216066482,
                 "id":25,
                 "name":"",
                 "rotation":0,
                 "type":"",
                 "visible":true,
                 "width":141.606648199446,
                 "x":717.024139295607,
                 "y":746.244558765334
                }, 
                {
                 "height":44.9544914918876,
                 "id":26,
                 "name":"",
                 "rotation":0,
                 "type":"",
                 "visible":true,
                 "width":51.6976652156708,
                 "x":717.024139295607,
                 "y":795.694499406411
                }, 
                {
                 "height":96.6521567075584,
                 "id":28,
                 "name":"",
                 "rotation":0,
                 "type":"",
                 "visible":true,
                 "width":78.6703601108034,
                 "x":719.271863870202,
                 "y":236.01108033241
                }],
         "opacity":1,
         "type":"objectgroup",
         "visible":true,
         "x":0,
         "y":0
        }, 
        {
         "draworder":"topdown",
         "id":4,
         "name":"Interactables",
         "objects":[
                {
                 "height":35.9635931935101,
                 "id":29,
                 "name":"chest_forest",
                 "rotation":0,
                 "type":"",
                 "visible":true,
                 "width":35.9635931935101,
                 "x":301.195092995647,
                 "y":267.479224376731
                }, 
                {
                 "height":26.9726948951325,
                 "id":41,
                 "name":"chest_forest_2",
                 "rotation":0,
                 "type":"",
                 "visible":true,
                 "width":26.9726948951326,
                 "x":721.519588444796,
                 "y":496.747130985358
                }],
         "opacity":1,
         "type":"objectgroup",
         "visible":true,
         "x":0,
         "y":0
        }, 
        {
         "draworder":"topdown",
         "id":5,
         "name":"teleport",
         "objects":[
                {
                 "height":47.2022160664819,
                 "id":30,
                 "name":"laitini_city",
                 "rotation":0,
                 "type":"",
                 "visible":true,
                 "width":74.1749109616146,
                 "x":892.346656113969,
                 "y":973.264740799367
                }, 
                {
                 "height":60.6885635140483,
                 "id":32,
                 "name":"teleport_dnoces",
                 "rotation":0,
                 "type":"",
                 "visible":true,
                 "width":85.4135338345865,
                 "x":188.808864265928,
                 "y":62.9362880886427
                }],
         "opacity":1,
         "type":"objectgroup",
         "visible":true,
         "x":0,
         "y":0
        }, 
        {
         "draworder":"topdown",
         "id":6,
         "name":"NPC",
         "objects":[
                {
                 "height":4.49544914918874,
                 "id":34,
                 "name":"player_return",
                 "rotation":0,
                 "type":"",
                 "visible":true,
                 "width":4.49544914918877,
                 "x":265.231499802137,
                 "y":161.836169370795
                }],
         "opacity":1,
         "type":"objectgroup",
         "visible":true,
         "x":0,
         "y":0
        }, 
        {
         "draworder":"topdown",
         "id":7,
         "name":"NPCEnemy",
         "objects":[
                {
                 "height":29.2204194697269,
                 "id":35,
                 "name":"type_2",
                 "rotation":0,
                 "type":"",
                 "visible":true,
                 "width":29.2204194697269,
                 "x":815.92402057776,
                 "y":289.956470122675
                }, 
                {
                 "height":31.4681440443213,
                 "id":36,
                 "name":"type_1",
                 "rotation":0,
                 "type":"",
                 "visible":true,
                 "width":31.4681440443213,
                 "x":382.113177681045,
                 "y":638.353779184804
                }, 
                {
                 "height":31.4681440443214,
                 "id":38,
                 "name":"type_1",
                 "rotation":0,
                 "type":"",
                 "visible":true,
                 "width":31.4681440443213,
                 "x":271.97467352592,
                 "y":559.683419074001
                }, 
                {
                 "height":31.4681440443213,
                 "id":39,
                 "name":"type_1",
                 "rotation":0,
                 "type":"",
                 "visible":true,
                 "width":29.2204194697269,
                 "x":303.442817570241,
                 "y":604.637910565888
                }, 
                {
                 "height":29.2204194697269,
                 "id":40,
                 "name":"type_2",
                 "rotation":0,
                 "type":"",
                 "visible":true,
                 "width":31.4681440443213,
                 "x":797.942223981005,
                 "y":577.665215670756
                }],
         "opacity":1,
         "type":"objectgroup",
         "visible":true,
         "x":0,
         "y":0
        }, 
        {
         "draworder":"topdown",
         "id":8,
         "name":"Player",
         "objects":[
                {
                 "height":32,
                 "id":42,
                 "name":"",
                 "rotation":0,
                 "type":"",
                 "visible":true,
                 "width":32,
                 "x":908.08072813613,
                 "y":894.594380688564
                }],
         "opacity":1,
         "type":"objectgroup",
         "visible":true,
         "x":0,
         "y":0
        }],
 "nextlayerid":9,
 "nextobjectid":43,
 "orientation":"orthogonal",
 "renderorder":"right-down",
 "tiledversion":"2020.05.07",
 "tileheight":16,
 "tilesets":[
        {
         "firstgid":1,
         "source":"tilemap.json"
        }],
 "tilewidth":16,
 "type":"map",
 "version":1.2,
 "width":70
}